{
  "symptom_cols": [
    "fever",
    "cough",
    "fatigue",
    "shortness_of_breath",
    "chest_pain",
    "headache",
    "nausea",
    "vomiting",
    "diarrhea",
    "abdominal_pain",
    "muscle_pain",
    "joint_pain",
    "loss_of_taste",
    "loss_of_smell",
    "runny_nose",
    "sore_throat",
    "back_pain",
    "dizziness",
    "weight_loss",
    "weight_gain",
    "excessive_thirst",
    "frequent_urination",
    "blurred_vision",
    "cold_intolerance",
    "heat_intolerance",
    "palpitations",
    "sweating",
    "skin_rash",
    "burning_sensation_urination",
    "anxiety",
    "sadness",
    "insomnia",
    "appetite_loss",
    "constipation",
    "heartburn",
    "wheezing",
    "night_sweats",
    "tremors",
    "bleeding_gums"
  ],
  "classes": [
    "Anemia",
    "Appendicitis",
    "Asthma",
    "COVID-19",
    "Dengue Fever",
    "Depression",
    "GERD",
    "Hypertension",
    "Hyperthyroidism",
    "Hypothyroidism",
    "Influenza",
    "Migraine",
    "Pneumonia",
    "Type 2 Diabetes",
    "UTI"
  ],
  "feature_importance": {
    "fever": 0.06344812518931117,
    "cough": 0.05271397005642038,
    "fatigue": 0.04413959442674513,
    "shortness_of_breath": 0.035922398788596654,
    "chest_pain": 0.029862227631387538,
    "headache": 0.04507425321748932,
    "nausea": 0.03753319425641122,
    "vomiting": 0.02383159384567255,
    "diarrhea": 0.005729649016805739,
    "abdominal_pain": 0.039075311590527864,
    "muscle_pain": 0.03326462418686666,
    "joint_pain": 0.01901053070816584,
    "loss_of_taste": 0.018981197309612508,
    "loss_of_smell": 0.02068714593194932,
    "runny_nose": 0.0199481225857616,
    "sore_throat": 0.01678462555614861,
    "back_pain": 0.0010828300815053343,
    "dizziness": 0.02840919761919544,
    "weight_loss": 0.025183256183329786,
    "weight_gain": 0.033851944992102784,
    "excessive_thirst": 0.024509459597939234,
    "frequent_urination": 0.053294848704922515,
    "blurred_vision": 0.014390653011751532,
    "cold_intolerance": 0.02254768283766766,
    "heat_intolerance": 0.018409137282647703,
    "palpitations": 0.028039897635451845,
    "sweating": 0.017080460177249183,
    "skin_rash": 0.01374025203785257,
    "burning_sensation_urination": 0.030015318935306953,
    "anxiety": 0.01728775107739097,
    "sadness": 0.03127906858222218,
    "insomnia": 0.018373587495694784,
    "appetite_loss": 0.018719832649224433,
    "constipation": 0.010715750638459143,
    "heartburn": 0.036839411641879545,
    "wheezing": 0.03755816142641465,
    "night_sweats": 0.0011109728183621278,
    "tremors": 0.006224059958517716,
    "bleeding_gums": 0.005329900317039872
  },
  "metrics": {
    "accuracy": 0.9067,
    "macro_precision": 0.9088,
    "macro_recall": 0.9067,
    "macro_f1": 0.9067,
    "cv_acc_mean": 0.9188,
    "cv_acc_std": 0.0146
  },
  "model_type": "RandomForestClassifier",
  "task": "multi_class_classification"
}